<?xml version="1.0" encoding="UTF-8"?><?xml-stylesheet type='text/xsl' href='_UpgradeReport_Files/UpgradeReport.xslt'?><UpgradeLog>
<Properties><Property Name="Solution" Value="netAPRS">
</Property><Property Name="Solution File" Value="C:\My Programming\VB.NET\netAPRS\netAPRS\netAPRS.sln">
</Property><Property Name="User Options File" Value="C:\My Programming\VB.NET\netAPRS\netAPRS\netAPRS.suo">
</Property><Property Name="Date" Value="Monday, 25 June 2007">
</Property><Property Name="Time" Value="20:10 PM">
</Property></Properties><Event ErrorLevel="0" Project="" Source="netAPRS.sln" Description="File successfully backed up as C:\My Programming\VB.NET\netAPRS\netAPRS\Backup\netAPRS.sln">
</Event><Event ErrorLevel="0" Project="" Source="netAPRS.suo" Description="File successfully backed up as C:\My Programming\VB.NET\netAPRS\netAPRS\Backup\netAPRS.suo">
</Event><Event ErrorLevel="0" Project="netAPRS" Source="netAPRS.vbproj" Description="Project file successfully backed up as C:\My Programming\VB.NET\netAPRS\netAPRS\Backup\netAPRS.vbproj">
</Event><Event ErrorLevel="0" Project="netAPRS" Source="netAPRS.vbproj.user" Description="Project user file successfully backed up as C:\My Programming\VB.NET\netAPRS\netAPRS\Backup\netAPRS.vbproj.user">
</Event><Event ErrorLevel="0" Project="netAPRS" Source="AssemblyInfo.vb" Description="File successfully backed up as C:\My Programming\VB.NET\netAPRS\netAPRS\Backup\AssemblyInfo.vb">
</Event><Event ErrorLevel="0" Project="netAPRS" Source="Crosspoint.vb" Description="File successfully backed up as C:\My Programming\VB.NET\netAPRS\netAPRS\Backup\Crosspoint.vb">
</Event><Event ErrorLevel="0" Project="netAPRS" Source="devDatabase.vb" Description="File successfully backed up as C:\My Programming\VB.NET\netAPRS\netAPRS\Backup\devDatabase.vb">
</Event><Event ErrorLevel="0" Project="netAPRS" Source="devDatabaseGui.vb" Description="File successfully backed up as C:\My Programming\VB.NET\netAPRS\netAPRS\Backup\devDatabaseGui.vb">
</Event><Event ErrorLevel="0" Project="netAPRS" Source="devGPS.vb" Description="File successfully backed up as C:\My Programming\VB.NET\netAPRS\netAPRS\Backup\devGPS.vb">
</Event><Event ErrorLevel="0" Project="netAPRS" Source="devLog.vb" Description="File successfully backed up as C:\My Programming\VB.NET\netAPRS\netAPRS\Backup\devLog.vb">
</Event><Event ErrorLevel="0" Project="netAPRS" Source="devMapPoint.vb" Description="File successfully backed up as C:\My Programming\VB.NET\netAPRS\netAPRS\Backup\devMapPoint.vb">
</Event><Event ErrorLevel="0" Project="netAPRS" Source="devOzi.vb" Description="File successfully backed up as C:\My Programming\VB.NET\netAPRS\netAPRS\Backup\devOzi.vb">
</Event><Event ErrorLevel="0" Project="netAPRS" Source="devRINO.vb" Description="File successfully backed up as C:\My Programming\VB.NET\netAPRS\netAPRS\Backup\devRINO.vb">
</Event><Event ErrorLevel="0" Project="netAPRS" Source="devTNC.vb" Description="File successfully backed up as C:\My Programming\VB.NET\netAPRS\netAPRS\Backup\devTNC.vb">
</Event><Event ErrorLevel="0" Project="netAPRS" Source="devWeb.vb" Description="File successfully backed up as C:\My Programming\VB.NET\netAPRS\netAPRS\Backup\devWeb.vb">
</Event><Event ErrorLevel="0" Project="netAPRS" Source="frmabout.vb" Description="File successfully backed up as C:\My Programming\VB.NET\netAPRS\netAPRS\Backup\frmabout.vb">
</Event><Event ErrorLevel="0" Project="netAPRS" Source="frmRegister.vb" Description="File successfully backed up as C:\My Programming\VB.NET\netAPRS\netAPRS\Backup\frmRegister.vb">
</Event><Event ErrorLevel="0" Project="netAPRS" Source="frmSetup.vb" Description="File successfully backed up as C:\My Programming\VB.NET\netAPRS\netAPRS\Backup\frmSetup.vb">
</Event><Event ErrorLevel="0" Project="netAPRS" Source="frmSplash.vb" Description="File successfully backed up as C:\My Programming\VB.NET\netAPRS\netAPRS\Backup\frmSplash.vb">
</Event><Event ErrorLevel="0" Project="netAPRS" Source="frmStationInfo.vb" Description="File successfully backed up as C:\My Programming\VB.NET\netAPRS\netAPRS\Backup\frmStationInfo.vb">
</Event><Event ErrorLevel="0" Project="netAPRS" Source="main.vb" Description="File successfully backed up as C:\My Programming\VB.NET\netAPRS\netAPRS\Backup\main.vb">
</Event><Event ErrorLevel="0" Project="netAPRS" Source="MoveWaypoint.vb" Description="File successfully backed up as C:\My Programming\VB.NET\netAPRS\netAPRS\Backup\MoveWaypoint.vb">
</Event><Event ErrorLevel="0" Project="netAPRS" Source="netAPRSlib.vb" Description="File successfully backed up as C:\My Programming\VB.NET\netAPRS\netAPRS\Backup\netAPRSlib.vb">
</Event><Event ErrorLevel="0" Project="netAPRS" Source="devDatabaseGui.resx" Description="File successfully backed up as C:\My Programming\VB.NET\netAPRS\netAPRS\Backup\devDatabaseGui.resx">
</Event><Event ErrorLevel="0" Project="netAPRS" Source="frmabout.resx" Description="File successfully backed up as C:\My Programming\VB.NET\netAPRS\netAPRS\Backup\frmabout.resx">
</Event><Event ErrorLevel="0" Project="netAPRS" Source="frmRegister.resx" Description="File successfully backed up as C:\My Programming\VB.NET\netAPRS\netAPRS\Backup\frmRegister.resx">
</Event><Event ErrorLevel="0" Project="netAPRS" Source="frmSetup.resx" Description="File successfully backed up as C:\My Programming\VB.NET\netAPRS\netAPRS\Backup\frmSetup.resx">
</Event><Event ErrorLevel="0" Project="netAPRS" Source="frmSplash.resx" Description="File successfully backed up as C:\My Programming\VB.NET\netAPRS\netAPRS\Backup\frmSplash.resx">
</Event><Event ErrorLevel="0" Project="netAPRS" Source="frmStationInfo.resx" Description="File successfully backed up as C:\My Programming\VB.NET\netAPRS\netAPRS\Backup\frmStationInfo.resx">
</Event><Event ErrorLevel="0" Project="netAPRS" Source="licenses.licx" Description="File successfully backed up as C:\My Programming\VB.NET\netAPRS\netAPRS\Backup\licenses.licx">
</Event><Event ErrorLevel="0" Project="netAPRS" Source="main.resx" Description="File successfully backed up as C:\My Programming\VB.NET\netAPRS\netAPRS\Backup\main.resx">
</Event><Event ErrorLevel="0" Project="netAPRS" Source="MoveWaypoint.resx" Description="File successfully backed up as C:\My Programming\VB.NET\netAPRS\netAPRS\Backup\MoveWaypoint.resx">
</Event><Event ErrorLevel="0" Project="netAPRS" Source="runtime.lic" Description="File successfully backed up as C:\My Programming\VB.NET\netAPRS\netAPRS\Backup\runtime.lic">
</Event><Event ErrorLevel="0" Project="netAPRS" Source="netAPRS.vbproj" Description="Project converted successfully">
</Event><Event ErrorLevel="3" Project="netAPRS" Source="netAPRS.vbproj" Description="Converted">
</Event><Event ErrorLevel="0" Project="NetAPRS Install.vdproj" Source="..\NetAPRS Install\NetAPRS Install.vdproj" Description="Project file successfully backed up as C:\My Programming\VB.NET\netAPRS\netAPRS\Backup\NetAPRS Install.vdproj">
</Event><Event ErrorLevel="0" Project="" Source="netAPRS.sln" Description="Solution converted successfully">
</Event><Event ErrorLevel="3" Project="" Source="netAPRS.sln" Description="Converted">
</Event><Event ErrorLevel="0" Project="netAPRS" Source="netAPRS.vbproj" Description="Scan complete: Upgrade not required for project files.">
</Event><Event ErrorLevel="0" Project="NetAPRS Install.vdproj" Source="..\NetAPRS Install\NetAPRS Install.vdproj" Description="Project converted successfully">
</Event><Event ErrorLevel="3" Project="NetAPRS Install.vdproj" Source="..\NetAPRS Install\NetAPRS Install.vdproj" Description="Converted">
</Event></UpgradeLog>